{"cameraMode":{"drawMode":0,"name":"Shaded","section":"Shading Mode"},"sceneLighting":false,"audioPlay":false,"sceneViewState":{"m_AlwaysRefresh":false,"showFog":true,"showSkybox":false,"showFlares":true,"showImageEffects":true,"showParticleSystems":true,"showVisualEffectGraphs":true,"m_FxEnabled":false},"in2DMode":false,"pivot":{"x":460.6543884277344,"y":314.14208984375,"z":10.977700233459473},"rotation":{"x":0.33055931329727175,"y":0.014308447018265725,"z":-0.005102906376123428,"w":0.9437222480773926},"size":2.3090672492980959,"orthographic":false}