{"cameraMode":{"drawMode":0,"name":"Shaded","section":"Shading Mode"},"sceneLighting":false,"audioPlay":false,"sceneViewState":{"m_AlwaysRefresh":false,"showFog":true,"showSkybox":false,"showFlares":true,"showImageEffects":true,"showParticleSystems":true,"showVisualEffectGraphs":true,"m_FxEnabled":false},"in2DMode":false,"pivot":{"x":3.4467411041259767,"y":1.8809945583343506,"z":0.49544334411621096},"rotation":{"x":0.02423897758126259,"y":-0.9738583564758301,"z":0.18782755732536317,"w":0.12576495110988618},"size":2.7544689178466799,"orthographic":false}