{"cameraMode":{"drawMode":0,"name":"Shaded","section":"Shading Mode"},"sceneLighting":false,"audioPlay":false,"sceneViewState":{"m_AlwaysRefresh":false,"showFog":true,"showSkybox":false,"showFlares":true,"showImageEffects":true,"showParticleSystems":true,"showVisualEffectGraphs":true,"m_FxEnabled":true},"in2DMode":false,"pivot":{"x":-0.502108097076416,"y":1.6127548217773438,"z":2.4244911670684816},"rotation":{"x":0.05655846744775772,"y":-0.5494390726089478,"z":0.03731606900691986,"w":0.8328138589859009},"size":3.7654221057891847,"orthographic":false}