{"cameraMode":{"drawMode":0,"name":"Shaded","section":"Shading Mode"},"sceneLighting":true,"audioPlay":false,"sceneViewState":{"m_AlwaysRefresh":false,"showFog":true,"showSkybox":true,"showFlares":true,"showImageEffects":true,"showParticleSystems":true,"showVisualEffectGraphs":true,"m_FxEnabled":false},"in2DMode":false,"pivot":{"x":750.7924194335938,"y":117.9441909790039,"z":1927.96728515625},"rotation":{"x":0.023228999227285386,"y":-0.19575902819633485,"z":-0.0046419003047049049,"w":-0.9803636074066162},"size":1024.3099365234375,"orthographic":false}