{"cameraMode":{"drawMode":0,"name":"Shaded","section":"Shading Mode"},"sceneLighting":false,"audioPlay":false,"sceneViewState":{"m_AlwaysRefresh":false,"showFog":true,"showSkybox":false,"showFlares":true,"showImageEffects":true,"showParticleSystems":true,"showVisualEffectGraphs":true,"m_FxEnabled":false},"in2DMode":false,"pivot":{"x":-1.3592801094055176,"y":1.4028956890106202,"z":-1.624595046043396},"rotation":{"x":0.09178289026021958,"y":0.33237430453300478,"z":-0.03252464532852173,"w":0.9381217360496521},"size":1.2060589790344239,"orthographic":false}